0.0,0.0
0.0,0.0
-3.8878230944538577,-1.541738548255083
-3.8880233196226994,-1.5418179486942578
-3.8882237393569037,-1.5418974262894432
-3.888424353656471,-1.5419769810406392
-3.8886251625214006,-1.5420566129478457
-3.942058183711716,-1.6308343824950977
-3.942391089710826,-1.6311477927422326
-3.942724244109277,-1.6314613826721425
-3.9430576469060545,-1.6317751522862354
-3.943391298100144,-1.6320891015859196
-3.943725197690532,-1.6324032305726037
-3.9440593456762034,-1.6327175392476962
-3.9443937420561443,-1.6330320276126054
-3.9697947331623467,-1.7258503069789253
-3.9702078516473334,-1.7264867094491003
-3.970621289789597,-1.7271236014851443
-3.971035047585231,-1.7277609830896237
-3.971449125030327,-1.7283988542651039
-3.971863522120978,-1.7290372150141509
-4.045444068346877,-1.8702682842524851
-4.046071212800818,-1.8714944890702643
-4.046698822023038,-1.8727222016929614
-4.0473268954355195,-1.873951422355452
-4.04795543246017,-1.8751821512924407
-4.048584432518823,-1.8764143887384612
-4.133273659362743,-2.0512912799979843
-4.134334289535156,-2.0534151104947562
-4.1353947198755385,-2.055542904519717
-4.136456274734957,-2.057673986069039
-4.1375189529068725,-2.0598083556445186
-4.188631129712894,-2.175285900563079
-4.189876791713325,-2.1780054955677888
-4.191123651455792,-2.180729701897353
-4.1923717065433355,-2.1834585203953756
-4.193620954578628,-2.1861919519045045
-4.1948713931639725,-2.1889299972664285
-4.2585061247506975,-2.3666848564658016
-4.2603518308992046,-2.3703121702386643
-4.262200994042626,-2.3739457781399302
-4.264053615503496,-2.377585679492832
-4.265909696604243,-2.3812318736203957
-4.267769238667196,-2.3848843598454406
-4.313775428854653,-2.4398070583903833
-4.315911923699306,-2.4435079557954023
-4.3180527987367485,-2.4472147976257754
-4.320198056571232,-2.450927582197124
-4.322347699806492,-2.4546463078242353
-4.324501731045748,-2.4583709728210628
-4.3814031580502375,-2.5761357561529876
-4.384103140899445,-2.5802747258482635
-4.386810065037736,-2.5844197481145295
-4.389523938085518,-2.588570816475438
-4.392244767658119,-2.5927279244480093
-4.394972561365786,-2.596891065542631
-4.427752636586723,-2.6153637771925387
-4.43019353632188,-2.619438522510195
-4.432639125740715,-2.6235194677100795
-4.43508940703599,-2.6276066113065837
-4.4375443824001035,-2.63169995181353
-4.440004054025077,-2.6357994877441717
-4.508470477442188,-2.831541747292584
-4.511014436714936,-2.83708153854002
-4.513562148798334,-2.842632280508725
-4.5161136107102635,-2.8481939743432165
-4.548069097287754,-2.9612694020474466
-4.550650041985674,-2.9676913974040646
-4.553234033315152,-2.9741270805496955
-4.5558210644108605,-2.9805764534736015
-4.558411128406646,-2.9870395181624194
-4.598192980877002,-3.144457330201949
-4.60087281222151,-3.1516214540767535
-4.603555840742291,-3.1588007763276917
-4.606242060348578,-3.165995298557112
-4.608931464949085,-3.1732050223655093
-4.611624048452008,-3.180429949351526
-4.608679416586141,-3.32703127054376
-4.611184659561505,-3.3347851788871115
-4.613692909423475,-3.3425550208364654
-4.616204164247209,-3.3503407967853067
-4.618718422107833,-3.358142507126945
-4.621235681080431,-3.3659601522545155
-4.634698353047245,-3.489264302429544
-4.637417468124224,-3.49724371013223
-4.640141690503101,-3.505238304741713
-4.619584691686481,-3.5010607454169427
-4.621642255550618,-3.5085493966716212
-4.623701447706539,-3.5160512905692602
-4.6384618065116605,-3.607278309928832
-4.640475057307459,-3.6152377962370577
-4.6424895808737405,-3.6232117445998115
-4.644505377612004,-3.631200154983322
-4.64652244792375,-3.6392030273538065
-4.648540792210476,-3.647220361677476
-4.650560410873678,-3.655252157920532
-4.672417803452931,-3.7796846881677655
-4.674091559889716,-3.788106895628291
-4.675764100828884,-3.7965442992829406
-4.677435420089794,-3.804996898987385
-4.679105511491811,-3.813464694595395
-4.704467055891035,-3.998573609802556
-4.705580192058679,-4.007870837134007
-4.706687879474075,-4.017185221937209
-4.707790099410976,-4.026516761022293
-4.7088868331449945,-4.035865451183881
-4.709978061953622,-4.045231289201077
-4.761266427442707,-4.251058469486323
-4.762758354551055,-4.261349003208872
-4.76423037466202,-4.27166099869231
-4.765698313555587,-4.281992632140941
-4.767162152272746,-4.292343902029982
-4.836808836537952,-4.460122715289911
-4.83927356228926,-4.4707031034782805
-4.841740152385098,-4.481302718204704
-4.844208601400179,-4.491921560214219
-4.846678903909039,-4.502559630250705
-4.849151054486043,-4.51321692905689
-4.881702135646869,-4.603046192866852
-4.884786614378371,-4.613075994339934
-4.887737243583795,-4.623153570978976
-4.890693111766865,-4.633246717528267
-4.893654223500526,-4.643355432681061
-4.896620583357454,-4.653479715129614
-4.923551429965547,-4.715698514034361
-4.9264040437112016,-4.725092852798407
-4.929261122408172,-4.734499250721846
-4.932122669579576,-4.743917706715566
-4.934988688748313,-4.7533482196896895
-4.998301318372266,-4.889051257580262
-5.001693903922197,-4.898413577025547
-5.005057637433605,-4.90779745930761
-5.0084281028038165,-4.9171921022766405
-5.011805306521248,-4.926597502828465
-5.076357986291466,-5.035826759998406
-5.079690834214976,-5.045046916255573
-5.083028982653507,-5.054276812753378
-5.086372433748958,-5.063516448454684
-5.0897211896430665,-5.0727658223220065
-5.093075252477405,-5.08202493331751
-5.1496907156990686,-5.240234169276143
-5.153038296652002,-5.249900240647728
-5.1564171590581775,-5.2595674235544125
-5.159800764880948,-5.269245348272571
-5.163189114769984,-5.278934014525417
-5.218223210734785,-5.4303838391983605
-5.221508883534651,-5.440264489822753
-5.224809401348854,-5.450152152801762
-5.228113524231598,-5.460050762230434
-5.231421250665216,-5.4699603186624035
-5.23473257913198,-5.479880822651145
-5.2984833494631385,-5.657898791236673
-5.302479686633824,-5.668122498162317
-5.30648352099045,-5.678356940117798
-5.310494857832984,-5.6886021141285354
-5.314513702460409,-5.698858017218045
-5.349201978910817,-5.791768506517349
-5.353334555622994,-5.8012896187052485
-5.357423315794345,-5.810838106068146
-5.36151997402608,-5.820393684968988
-5.365624536649855,-5.8299563506134096
-5.424485865141813,-5.944027479140618
-5.428922018547719,-5.953146146447074
-5.433367473701163,-5.962269263422667
-5.437822237436831,-5.971396822240275
-5.442286316583398,-5.98052881506624
-5.446759717963518,-5.989665234060366
-5.495646566531062,-6.0785257075944354
-5.499682408619701,-6.087380052509399
-5.503724428889941,-6.096238190494195
-5.507772630317263,-6.105100118414099
-5.5118270158757445,-6.113965833132824
-5.515887588538058,-6.1228353315125235
-5.5960577415868675,-6.292674301727884
-5.600307370243798,-6.302050850079676
-5.604563391143763,-6.311432874724595
-5.608825807319295,-6.320820373034219
-5.613094621802004,-6.330213342378943
-5.61736983762258,-6.339611780127984
-5.6216514578107954,-6.349015683649377
-5.686139042334201,-6.479229158295911
-5.690572929311275,-6.488686242477057
-5.695013493166997,-6.498148617367505
-5.699460736947908,-6.507616280136816
-5.703914663699523,-6.517089227953319
-5.792502544734871,-6.693918496370741
-5.797670611498529,-6.703531591067127
-5.802848725272078,-6.713149243240039
-5.808036892410084,-6.722771444888427
-5.813235119261429,-6.732398188005747
-5.8184434121693025,-6.7420294645799625
-5.85862842743163,-6.815403696040608
-5.863568276521968,-6.8243283699884705
-5.868516987067983,-6.833254487594014
-5.8734738917061575,-6.84218240582694
-5.878438993765161,-6.851112118483565
-5.95188174363422,-6.971341775740142
-5.956900792239379,-6.980056653641393
-5.961927622847013,-6.988772390828893
-5.966962237735853,-6.997488981538147
-5.972004639180723,-7.006206420002506
-5.97705482945254,-7.014924700453173
-6.056362521507107,-7.128622727642589
-6.061305834292999,-7.13731529753518
-6.0662555431789436,-7.146008964093676
-6.07121164945369,-7.154703724008398
-6.076174154404487,-7.163399573968926
-6.081143059317085,-7.172096510664102
-6.086118365475733,-7.180794530782027
-6.164479496586895,-7.308629417829387
-6.169197874119396,-7.317649679428502
-6.173920482316808,-7.326672815304033
-6.178647321295882,-7.335698825290502
-6.183378391173365,-7.3447277092224335
-6.292434081341788,-7.527708242666737
-6.2976100210311685,-7.537191349352842
-6.302791598860568,-7.546678768343352
-6.356824577568892,-7.614704734759397
-6.362316087930859,-7.624072705072943
-6.3678144417269635,-7.633444192558351
-6.373319639748148,-7.642819195893413
-6.3788316827851546,-7.6521977137557915
-6.384350571628524,-7.661579744823025
-6.471909916405662,-7.810368773367831
-6.47824968823892,-7.819453145482627
-6.4846004453877955,-7.828538122178691
-6.49096219059542,-7.837623693888415
-6.497334926597589,-7.8467098510412665
-6.503718656122759,-7.855796584063789
-6.556502805945966,-7.891467701680763
-6.562834896560788,-7.8992687707288285
-6.569176860607617,-7.907065175008088
-6.575528694650987,-7.914856904020924
-6.581890395245182,-7.922643947272246
-6.588261958934237,-7.930426294269503
-6.6957061241366045,-8.010806527579737
-6.702546890999543,-8.01794141283521
-6.709398426040742,-8.025068651174113
-6.716260720969184,-8.03218822880078
-6.72313376747756,-8.039300131928345
-6.730017557242285,-8.046404346778749
-6.736912081923499,-8.053500859582764
-6.802770417644635,-8.112455887945297
-6.809235505538889,-8.119239136303243
-6.81570856671634,-8.126014814586034
-6.822189593733327,-8.132782914943785
-6.828678579139097,-8.139543429533337
-6.924658383284383,-8.268259984823398
-6.9309484535944,-8.275351565098113
-6.937245103123336,-8.282437841629635
-6.943548328244605,-8.289518809759254
-6.949858125328676,-8.296594464830516
-6.956174490743074,-8.30366480218921
-7.047732658138444,-8.450016744226081
-7.054117659752562,-8.457444052770065
-7.0605092491291765,-8.464867589014885
-7.066907424121955,-8.472287348367411
-7.073312182581683,-8.479703326235711
-7.079723522356263,-8.487115518029043
-7.173557216490126,-8.62955301132635
-7.180369120922623,-8.636950706327623
-7.187189231604052,-8.644343855014744
-7.194017545549923,-8.651732449217324
-7.200854059768084,-8.659116480766885
-7.20769877125873,-8.66649594149688
-7.2613082099270025,-8.72903412954728
-7.268169932618739,-8.735400096662858
-7.274928513564485,-8.741860317723463
-7.281694243478659,-8.748312301505607
-7.288467112529461,-8.754756040125335
-7.295247110876419,-8.761191525710235
-7.3405350969633005,-8.790322939478024
-7.346994175939484,-8.795682156769791
-7.353457851033128,-8.801029648035419
-7.359926102956922,-8.806365410204021
-7.366398912423116,-8.811689440234687
-7.422871384414605,-8.884977772614818
-7.4284087138142585,-8.890555245422027
-7.43405627377734,-8.895990192998873
-7.439704741256153,-8.901416017424609
-7.445354105091919,-8.906832720865712
-7.5663120580564165,-9.063860703990942
-7.571804823980055,-9.070372061354092
-7.577344303934143,-9.076830915831396
-7.582884197132498,-9.08328568212429
-7.588424501209407,-9.089736360915117
-7.709881690625553,-9.260172095860325
-7.715582858277107,-9.267455056343051
-7.721306034982497,-9.274719256902534
-7.727030186847212,-9.28198276649611
-7.732755313880342,-9.28924558508656
-7.8400610235930595,-9.432977291687118
-7.846102082514002,-9.440424098775386
-7.852145551655102,-9.447870635305268
-7.85819143160727,-9.455316900506654
-7.864239722961175,-9.46276289360898
-7.8702904263072435,-9.47020861384122
-7.876343542235659,-9.477654060431878
-7.882399071336363,-9.485099232609008
-7.888457014199053,-9.492544129600196
-7.894517371413183,-9.499988750632566
-7.987797743151295,-9.597450153309321
-7.994195856799661,-9.605046150472633
-8.000597591687148,-9.612642278646195
-8.007002948805425,-9.620238536183829
-8.013411929145432,-9.627834921438629
-8.190108417963721,-9.790131752177166
-8.197462776334783,-9.796609949740924
-8.20482456564365,-9.803082323157652
-8.212193782112951,-9.80954886390253
-8.219570421955531,-9.816009563451841
-8.226954481374454,-9.822464413282992
-8.23208779102248,-9.794049982126106
-8.237899178551903,-9.799649945115787
-8.243857559293692,-9.805075093056747
-8.2498162082771,-9.810492990464878
-8.255775118201484,-9.815903639707903
-8.401893078340969,-9.960456241781504
-8.408007167370016,-9.966807342367987
-8.414146870223364,-9.973127966989678
-8.420287318219165,-9.979445594593972
-8.426428510011673,-9.985760225433872
-8.432570444255413,-9.992071859762952
-8.575677450750767,-10.156791089501237
-8.582490284692005,-10.163724951457064
-8.589306703020512,-10.170657779815953
-8.59612670617355,-10.177589572758473
-8.602950294587476,-10.184520328464597
-8.734469801909615,-10.3038223837297
-8.742068011999104,-10.310320372240177
-8.749602440308585,-10.31688398647258
-8.757143439745578,-10.323444043499187
-8.764691009415607,-10.330000537018515
-8.837269093566196,-10.389311773676368
-8.844603869005361,-10.395057079292322
-8.851929526099763,-10.400812237381967
-8.859260290291374,-10.406560868076465
-8.866596155831166,-10.412302966899468
-8.974848690913866,-10.484975292684231
-8.982343326586276,-10.490154055755111
-8.989831578199187,-10.495338785402645
-8.997324897845582,-10.500514834131948
-9.004823275463332,-10.505682197167836
-9.088526227095995,-10.559670334697103
-9.095460702832037,-10.564744147557313
-9.10241349093333,-10.569787116022638
-9.109368464631604,-10.57482265042327
-9.116325616196049,-10.57985075087805
-9.123284937897811,-10.584871417513694
-9.25883147469193,-10.687238766909742
-9.26608064706299,-10.692559882407744
-9.273332963980632,-10.697875099729922
-9.280588420656207,-10.70318441720237
-9.287847012300368,-10.708487833155065
-9.425393934984447,-10.801517040371722
-9.433036819365425,-10.806667549819846
-9.440684083139022,-10.81181142930446
-9.448335720559964,-10.816948675112005
-9.455991725879844,-10.82207928353391
-9.463652093347116,-10.827203250866564
-9.569584780976774,-10.907332997597358
-9.577400221955264,-10.912104392207743
-9.585185168448785,-10.916920309219634
-9.592974642017655,-10.921728363640147
-9.600768634752734,-10.926528551298587
-9.69274109869392,-10.996167211127334
-9.700251247417398,-11.000765507685902
-9.707764385544873,-11.005356015073552
-9.715280507783055,-11.009938727635324
-9.722799606055366,-11.014513644243348
-9.838266365203776,-11.082887043397303
-9.8457553853215,-11.0873258462481
-9.853249159714066,-11.091753245814417
-9.860745419693963,-11.096172955271168
-9.868244157372882,-11.100584974227562
-9.87574536486437,-11.104989302300897
-9.99835277028547,-11.183529392241091
-10.005924609901571,-11.188086369164736
-10.013498995412764,-11.192636867645065
-10.02107592130579,-11.197180886843586
-10.028655382067997,-11.201718425926474
-10.163694189342532,-11.285024332883852
-10.171192177213895,-11.29001755899753
-10.178742000499623,-11.294923706379839
-10.186293935996398,-11.299825746047436
-10.193847981531004,-11.304723677294216
-10.201404134930184,-11.309617499415184
-10.208962394020636,-11.314507211706447
-10.216522756629008,-11.319392813465212
-10.224085220581909,-11.324274303989794
-10.353386232794778,-11.405125792475856
-10.361401894259288,-11.410193936743742
-10.369421316521587,-11.415258552338098
-10.377444498331904,-11.420319636525777
-10.385471438438511,-11.425377186573789
-10.616727991471969,-11.564968591200948
-10.625261090946983,-11.569709007484404
-10.633775085461656,-11.574483055375959
-10.642294350654177,-11.579252109876574
-10.650818884042916,-11.584016165562453
-10.756298595363475,-11.632070002933139
-10.764706056240186,-11.636169750492277
-10.773108460617486,-11.640278667676412
-10.781515099706734,-11.644380123772159
-10.789925966973332,-11.648474114420452
-10.798341055878192,-11.65256063526785
-10.806760359877757,-11.656639681966539
-10.81518387242399,-11.660711250174336
-10.823611586964391,-11.664775335554694
-10.906596792335598,-11.68076099018669
-10.914877715520072,-11.68435660463764
-10.923161670200487,-11.687943525355326
-10.931448647270622,-11.691521749873116
-10.939738637622348,-11.695091275733901
-11.151700321446848,-11.78203393883219
-11.15994242493904,-11.78552882536879
-11.168198702247253,-11.788988196454271
-11.176457330511914,-11.792439687451033
-11.184718302279933,-11.795883296879634
-11.323179915237986,-11.858182016277752
-11.331531101334011,-11.861618479403775
-11.339885876461928,-11.865044834420843
-11.348243118548105,-11.868463764981177
-11.356602821019967,-11.871875269353486
-11.50733482439695,-11.95122671095828
-11.516050360394678,-11.954465956719345
-11.52476173115135,-11.957715966354106
-11.533476738368883,-11.960957562462255
-11.5421953739579,-11.964190740999554
-11.550917629824555,-11.967415497929498
-11.655902107033352,-12.025809459727773
-11.664548942581426,-12.02855962442785
-11.673198759381632,-12.031299280475272
-11.68185154487477,-12.034028424862873
-11.690507286498994,-12.03674705459817
-11.742436645052564,-12.058606133354452
-11.75016930389052,-12.061004221902436
-11.75790445331428,-12.0633814254592
-11.765638563515438,-12.065748923987273
-11.773371622361173,-12.068106724398822
-11.781103617735136,-12.07045483362111
-11.916667449349774,-12.11700131216318
-11.924638591031325,-12.119185358953658
-11.932609480736499,-12.121359244964317
-11.940580105720246,-12.123522975400071
-11.948550453251917,-12.125676555481483
-12.059274383949095,-12.157949483080587
-12.066858724076598,-12.160605976543838
-12.074474296705823,-12.163135007402122
-12.082088387137022,-12.165657154014184
-12.08970098920958,-12.168172421806403
-12.274724270275883,-12.242783019539814
-12.282834647647265,-12.246029623768953
-12.29095462040538,-12.24924564356263
-12.299075249290546,-12.252458075072221
-12.307196533162365,-12.25566691887913
-12.315318470881522,-12.25887217556466
-12.505492838137968,-12.323861544840117
-12.514452428698116,-12.326974380701788
-12.52341586109401,-12.33008244441118
-12.532383133618337,-12.333185731713488
-12.541354244559345,-12.336284238353418
-12.672386210865163,-12.374378247166053
-12.681412842963018,-12.37684563698347
-12.690421348102351,-12.379368258704663
-12.6994333901041,-12.381883581946193
-12.708448963693574,-12.384391602013633
-12.797527052323096,-12.398295329569953
-12.806023059273867,-12.400281293909838
-12.814517914055745,-12.402266481247123
-12.823013728269895,-12.404243297134796
-12.831510493906807,-12.406211741997783
-12.946910523884137,-12.421378154629332
-12.955212784743784,-12.422946559493802
-12.963513660569882,-12.424510834304153
-12.971814310068817,-12.42606594713552
-12.980114723220149,-12.427611900812849
-13.109654546569292,-12.446362593713381
-13.117879057957857,-12.447890615144747
-13.126102960303673,-12.449410457413872
-13.134326245498807,-12.450922123475825
-13.142548905440856,-12.452425616293684
-13.150770932032946,-12.453920938838523
-13.158992317183749,-12.455408094089414
-13.287033496074388,-12.469501287925633
-13.295333730135054,-12.471084736783014
-13.30363362168995,-12.472661211310749
-13.311933164882305,-12.474230713146719
-13.320232353857808,-12.47579324393372
-13.507194960192397,-12.508813644007493
-13.516093493055202,-12.510262281547357
-13.524991883874762,-12.511713615880536
-13.533892042256477,-12.513157440561834
-13.54279396186704,-12.514593753617117
-13.700501796163291,-12.54684177384856
-13.709629605133582,-12.548028280140748
-13.718759737770858,-12.54920613537736
-13.727892185933351,-12.550375336034268
-13.737026941474502,-12.55153587859495
-13.746163996242966,-12.552687759550487
-13.837457680569202,-12.558989116405579
-13.84612977342656,-12.55986409153674
-13.854801662386384,-12.560733596101738
-13.863473750266326,-12.561594369594179
-13.872146028288764,-12.562446412546686
-13.99784674417568,-12.576734261087772
-14.006394751416801,-12.577227032625201
-14.014942138661011,-12.577710042104556
-14.023488894804588,-12.578183291754051
-14.032035008748306,-12.578646783814467
-14.040580469397439,-12.579100520539152
-14.049125265661784,-12.57954450419401
-14.137793196948309,-12.569613986591872
-14.145979018142855,-12.569918685817601
-14.154162729882412,-12.570214358308728
-14.16234432221989,-12.57050100897899
-14.170523785216357,-12.570778642753078
-14.326324787038788,-12.569934969854266
-14.334727641732789,-12.570436774340346
-14.343131556330171,-12.570867168608943
-14.351534411503698,-12.571290078681237
-14.359936200631026,-12.571705506584488
-14.540318083674954,-12.573733568867052
-14.54920081614356,-12.57402664593584
-14.558084357244871,-12.574308440187137
-14.566968530087175,-12.574582486572407
-14.575853327981148,-12.574848784274375
-14.758516501331673,-12.583335988114001
-14.767850228914025,-12.583012930608424
-14.777184769099966,-12.58270847243316
-14.786520951664553,-12.582393363688551
-14.795858764500084,-12.58206760051108
-14.886427746723347,-12.587552596596272
-14.895142561598236,-12.587032185220366
-14.903856801259192,-12.58651247772327
-14.912570058320028,-12.585982495902526
-14.92128232067166,-12.585442241336656
-14.929993576207332,-12.584891715618452
-15.031410304621986,-12.585907291593415
-15.039788157389653,-12.585317306699112
-15.048163800404689,-12.58471792603773
-15.056537223136653,-12.584109153898034
-15.064908415062037,-12.583490994580588
-15.206207569609813,-12.56383452401569
-15.21462396644239,-12.562996192541357
-15.223038190506395,-12.562148304452966
-15.231450230956902,-12.561290863545052
-15.239860076954743,-12.560423873624442
-15.248267717666511,-12.559547338510265
-15.384274668710184,-12.563500482677428
-15.392794207256474,-12.563112180681465
-15.401305341180327,-12.562648858315926
-15.409815213547583,-12.562178620300841
-15.418323818746957,-12.561701468431895
-15.589189239892557,-12.552796855938617
-15.598068987596463,-12.552441225926547
-15.606948146962228,-12.55206474661459
-15.615827553372588,-12.551682333796618
-15.624707202865427,-12.551293986955214
-15.818048676253634,-12.52027353128965
-15.8274518400492,-12.519150672525281
-15.836857410359942,-12.518038796399704
-15.846264484235444,-12.516917663375919
-15.855673052645614,-12.515787269894773
-15.86508310655521,-12.514647612405858
-15.972641210906616,-12.486565323858589
-15.981655031559114,-12.4848727117449
-15.990668123996507,-12.48316905532513
-15.999680474837684,-12.481454354165487
-16.008692070699716,-12.479728607848246
-16.101412132665576,-12.456016643602858
-16.109833954627643,-12.454095562505579
-16.118252647425724,-12.452163938693806
-16.12666819796709,-12.450221776808169
-16.135080593165526,-12.448269081505455
-16.14348981994135,-12.446305857458587
-16.26380965380228,-12.404017173940678
-16.2721679134854,-12.402005585325671
-16.280512559608034,-12.39993985836503
-16.28885398422012,-12.397864320101231
-16.297192176073374,-12.395778974891009
-16.46602846749662,-12.358841881135897
-16.47470912686118,-12.356593764700301
-16.483387841958496,-12.35433563151336
-16.492064601570664,-12.352067483239532
-16.50073939448118,-12.34978932155558
-16.509412209474963,-12.34750114815055
-16.626302561231288,-12.316029271817259
-16.63492909008335,-12.314120776231299
-16.643532338343096,-12.312123108993541
-16.652133955007063,-12.310117907630504
-16.660733933866332,-12.308105173428464
-16.66933226871297,-12.306084907678617
-16.858618437633734,-12.26822093138413
-16.867851059251453,-12.266009038889367
-16.87708429603543,-12.263788973203722
-16.886318141248992,-12.26156073258299
-16.895552588153453,-12.259324315288278
-16.90478763000812,-12.257079719586013
-16.914023260070287,-12.25482694374793
-16.92325947159526,-12.252565986051087
-17.07428729811392,-12.203100878713046
-17.08386017706908,-12.200483611720149
-17.093434580360757,-12.197857127727202
-17.103010468957805,-12.195221297925274
-17.11258783465424,-12.192576119169303
-17.34311744451067,-12.104764858039518
-17.35220910892061,-12.100814441518159
-17.36133474171083,-12.096978438598375
-17.370458250087946,-12.093128663357765
-17.37957961432481,-12.089265115529141
-17.404142236841484,-12.048069458871561
-17.41202877295826,-12.044512850763159
-17.419900576915165,-12.040925546896647
-17.427766435795558,-12.037328194834345
-17.43562633749284,-12.033720802759248
-17.59882778848831,-11.979073981849483
-17.607188148977446,-11.975769439004827
-17.615533492609945,-11.972431261042907
-17.623875629736776,-11.969084998310075
-17.63221455317632,-11.96573065364245
-17.64055025574932,-11.962368229882209
-17.64888273027893,-11.958997729877588
-17.657211969590694,-11.955619156482877
-17.665537966512563,-11.952232512558426
-17.802499901457903,-11.917533385682644
-17.811197490074576,-11.914118428780238
-17.819893285657624,-11.910695452065838
-17.828587281312938,-11.907264456397659
-17.837279470146758,-11.903825442639594
-18.107550234795504,-11.797822461855501
-18.11643136537454,-11.793535851071052
-18.125310290940963,-11.789237847115622
-18.134186997354497,-11.784928449892115
-18.143061470472247,-11.780607659320582
-18.151933696148692,-11.776275475338213
-18.185400199094556,-11.755521860192557
-18.19319910054112,-11.751623211882833
-18.200992524398725,-11.747716599183999
-18.208780462552447,-11.743802029070562
-18.21656290689575,-11.739879508525283
-18.2243398493305,-11.735949044539161
-18.37497707075004,-11.668912023042905
-18.382989234832433,-11.66466659268393
-18.39100492009193,-11.660428463010854
-18.39901589831252,-11.656181424062533
-18.407022159640892,-11.651925481042204
-18.415023694229472,-11.647660639163949
-18.519887932192862,-11.5899058223743
-18.5277360795687,-11.585732834571347
-18.53557948300789,-11.581552277539078
-18.54341813524356,-11.577364156436968
-18.551252029014293,-11.57316847643144
-18.676975155571263,-11.532375973488975
-18.685003607477853,-11.52888776635839
-18.692987140492253,-11.525317516197966
-18.700967615150336,-11.52174315047408
-18.70894502933879,-11.51816467146441
-18.8980151864454,-11.440590955122133
-18.906529357075254,-11.43654173286588
-18.915046727384002,-11.432496427497409
-18.923562772293028,-11.428444971839133
-18.932077487397567,-11.424387365888593
-19.052836539115145,-11.371909851611749
-19.06103296691334,-11.367633897399461
-19.069234303260206,-11.36336724430692
-19.07743287091457,-11.359093818236651
-19.085628664282865,-11.354813620860849
-19.195793025541633,-11.319454817050023
-19.20345911438511,-11.314949426692442
-19.21113633874231,-11.310467611853083
-19.218808473403865,-11.305978360356779
-19.226475511403255,-11.301481677981446
-19.23413744578051,-11.2969775705112
-19.276920440223705,-11.271300502633999
-19.28369585319302,-11.267109249051485
-19.290463596600617,-11.26291309356286
-19.29722366832518,-11.258712048436223
-19.303976066263655,-11.254506125937839
-19.412327910335378,-11.174040964792265
-19.419057648811854,-11.169765014419387
-19.425762236358043,-11.165455752791136
-19.432459508088204,-11.161141850575133
-19.439149461738303,-11.15682331847742
-19.583884541602142,-11.08601861814446
-19.590917070368448,-11.081678178313506
-19.597940681033037,-11.077327917747807
-19.604958734250676,-11.072973045111256
-19.611971227840844,-11.06861356717533
-19.727850078149025,-10.990817318379731
-19.734781663619057,-10.986247961427896
-19.741707527503326,-10.981673546683215
-19.7486276667938,-10.977094081108211
-19.75554207849076,-10.972509571666174
-19.762450759602764,-10.96792002532116
-19.886247575326006,-10.893386206256595
-19.893087979310526,-10.888373107596252
-19.899922052873915,-10.883353348608646
-19.906749790255677,-10.878326937277283
-19.913571185705365,-10.87329388158939
-19.920386233482585,-10.868254189535916
-19.927194927857,-10.863207869111502
-20.00785211250936,-10.81947813894568
-20.014195902861267,-10.814356349364548
-20.020531712481024,-10.809228176313265
-20.026859536914234,-10.804093632218578
-20.03317937172584,-10.798952729505558
-20.08619140051092,-10.753527417112972
-20.092089858645668,-10.74896454535173
-20.09791446478522,-10.744317721096419
-20.103730755968257,-10.739667812113796
-20.109538734616574,-10.735014832431252
-20.115338403174743,-10.730358796063827
-20.121129764110087,-10.725699717014184
-20.12691281991265,-10.721037609272562
-20.229262289617797,-10.60864015063346
-20.235212191288184,-10.603355623859994
-20.241154059645588,-10.598065795498588
-20.24708787677468,-10.592770659635068
-20.253013639287296,-10.587470228396182
-20.258931343813394,-10.582164513907989
-20.264840987001023,-10.576853528295846
-20.270742565516336,-10.571537283684371
-20.402383677055237,-10.426450278209522
-20.408026229841568,-10.420752271120252
-20.41366009733893,-10.415048510598378
-20.41928520681663,-10.409338935078736
-20.424901553000087,-10.403623557886245
-20.430509130634835,-10.397902392349248
-20.575556428524646,-10.222045431879707
-20.581166381664495,-10.2160057235737
-20.58676824481667,-10.209959864916783
-20.592362011262477,-10.203907866549926
-20.597947674297007,-10.19784973912141
-20.60352522722917,-10.191785493286806
-20.735277685278348,-10.048863994083707
-20.74116901659987,-10.042057439706111
-20.747052816955105,-10.035242001058128
-20.75292907339715,-10.028417686369066
-20.758797772987954,-10.02158450388665
-20.828733843494643,-9.93872323625816
-20.83431949765145,-9.932125368001483
-20.839897477244207,-9.9255205110351
-20.845467773603414,-9.91890867428183
-20.85103037806994,-9.912289866675177
-20.856585281995038,-9.905664097159303
-20.952877186252923,-9.778986265821542
-20.958494441444433,-9.77199075087721
-20.964104332813907,-9.764987356058363
-20.969706849855598,-9.757976089108677
-20.9753019820719,-9.750956957785373
-20.98088971897336,-9.743929969859202
-21.051570782029486,-9.654698205140903
-21.057426853915317,-9.64815213381506
-21.063123287360117,-9.641478074622249
-21.06881422998696,-9.634798380620822
-21.074499676510136,-9.628113056306159
-21.080179621647613,-9.621422106178427
-21.200853455357144,-9.505211405296572
-21.206883374259636,-9.498301715215412
-21.212909319562787,-9.491385780188772
-21.21893128542362,-9.484463602370033
-21.22494926600021,-9.47753518391774
-21.3278411026762,-9.353874434074335
-21.33381511943442,-9.346666354931878
-21.339796056281706,-9.339461001651706
-21.345772834546164,-9.332248771892138
-21.35174544731836,-9.325029667860314
-21.454739176721027,-9.211279268757018
-21.460308489660502,-9.203643474243878
-21.465917246673115,-9.196037382311951
-21.471519620283605,-9.188423166866754
-21.47711559975103,-9.180800833017889
-21.526878047726772,-9.124495017263405
-21.531982934820878,-9.117489594129617
-21.537076102404388,-9.1104759680213
-21.54216211085564,-9.103457491954654
-21.547240955564856,-9.096434173231676
-21.624469660710666,-8.971283661132395
-21.6292791404578,-8.963972091550037
-21.63408041550872,-8.956655075000103
-21.638873479705552,-8.949332620679822
-21.64365832690072,-8.942004737793372
-21.64843495095696,-8.934671435551868
-21.65320334574733,-8.927332723173356
-21.696445020297038,-8.845381943093477
-21.70102355335563,-8.8383146013378
-21.705594205358096,-8.831243519466652
-21.710156973302514,-8.824168706008813
-21.714711854195983,-8.817090169495408
-21.790834253542766,-8.68179664833435
-21.795575069249576,-8.674595138296016
-21.800241201559285,-8.667346067986088
-21.804900601757637,-8.660093037761284
-21.8095532665309,-8.65283605364044
-21.814199192570577,-8.645575121645146
-21.818838376573417,-8.638310247799721
-21.823470815241407,-8.631041438131218
-21.886398766522085,-8.494968055569835
-21.89095516792635,-8.487185798376268
-21.8955044999396,-8.47939802929477
-21.900046735523073,-8.47160474106896
-21.904581868933946,-8.463805939978066
-22.03942400065092,-8.229121804027168
-22.04340542773902,-8.220567940371128
-22.04752537713091,-8.212091710470283
-22.051636082306494,-8.203608186867823
-22.0557375326358,-8.195117379613542
-22.068601380271925,-8.121193609480084
-22.072142369714623,-8.113341787522693
-22.07564483781285,-8.105472339791728
-22.07913733637275,-8.097599006169258
-22.08261986119543,-8.089721798404357
-22.08609240809523,-8.081840728250544
-22.089554972899737,-8.073955807465778
-22.093007551449798,-8.066067047812435
-22.096450139599504,-8.0581744610573
-22.149440641853,-7.94090284549425
-22.152881977294115,-7.93271355321074
-22.156313496332245,-7.924519592922981
-22.159735193258655,-7.916320975814662
-22.163147062376925,-7.908117713076058
-22.27050184793661,-7.69810380591187
-22.27470008381735,-7.690185551436057
-22.278623152865002,-7.682153028046173
-22.28254036759787,-7.674116918783658
-22.286451725392304,-7.666077227516483
-22.391592478274045,-7.47695405680123
-22.395993370624797,-7.468256934669264
-22.400390520000194,-7.459553998959617
-22.404783922403347,-7.450845251278741
-22.409173573838057,-7.442130693235375
-22.41355947030882,-7.433410326440545
-22.4852977017833,-7.2492136909652825
-22.489019086815066,-7.239515640706267
-22.492980127230904,-7.229932357095103
-22.496934640114283,-7.220340429815908
-22.500882615693484,-7.210739863315662
-22.50482404419983,-7.201130662050532
-22.50875891586767,-7.1915128304858795
-22.512687220934414,-7.181886373096253
-22.516608949640514,-7.172251294365386
-22.535613420184717,-7.095044197218345
-22.53914124551831,-7.085723788518296
-22.5426615258118,-7.076396546513649
-22.546174253475044,-7.067062477137968
-22.549679420922487,-7.057721586331929
-22.605634735509224,-6.806594627513241
-22.60826349767443,-6.796913686818394
-22.61097037593598,-6.787258769565481
-22.61366678333512,-6.777597133626136
-22.616352710725877,-6.767928789654478
-22.612204624366253,-6.646498311647904
-22.614497455741915,-6.637160859453552
-22.616719362531622,-6.627802186504527
-22.618930513286305,-6.618438766568978
-22.62113090261541,-6.60907060990019
-22.647870918202138,-6.462867823616891
-22.6501083412485,-6.4535340012266635
-22.65227933076788,-6.444182758500109
-22.654440682268213,-6.434827212865426
-22.6565923918423,-6.425467371849244
-22.687585539978166,-6.231665991552293
-22.689161520161868,-6.221692245328082
-22.69072497053334,-6.211712738937873
-22.692275883081003,-6.201727485849691
-22.693814249806678,-6.191736499540545
-22.695340062725567,-6.181739793496411
-22.696853313866264,-6.171737381212222
-22.69835399527077,-6.161729276191853
-22.699842098994505,-6.151715491948112
-22.701317617106316,-6.1416960420027245
-22.69839229762388,-6.0506383064385405
-22.69948047077297,-6.040764387154805
-22.700555205207696,-6.030885939328903
-22.701616494389924,-6.021002978134359
-22.70266433179718,-6.011115518752249
-22.712493408916966,-5.744114205932456
-22.711229417044244,-5.733975309703437
-22.710591458158383,-5.7238951976288055
-22.70993283107405,-5.713813108559785
-22.709253528403885,-5.703729081890216
-22.708553542832316,-5.693643157031685
-22.66380120796903,-5.697496516947084
-22.662632402824435,-5.689071638101694
-22.661445111349362,-5.680651587603758
-22.66023934465591,-5.672236400422266
-22.659015113917484,-5.663826111504716
-22.70205544666289,-5.509973602387096
-22.701580176048694,-5.501373058504992
-22.701090645108344,-5.492775315139085
-22.700586859459886,-5.484180393307581
-22.700068824750414,-5.4755883140196815
-22.699536546656052,-5.466999098275541
-22.698990030881944,-5.458412767066231
-22.751445978672336,-5.3008136631401825
-22.751457153687,-5.291845376334165
-22.75145667262628,-5.2828778810129435
-22.75144453713119,-5.273911191660969
-22.751420748860184,-5.26494532276015
-22.78416735071494,-5.0841156653419315
-22.784209302291778,-5.074754426639203
-22.784303066877843,-5.065392154812671
-22.784385904933487,-5.056029154954372
-22.784457815040653,-5.04666543967782
-22.784518795795705,-5.037301021598702
-22.784568845809446,-5.027935913334852
-22.784607963707113,-5.018570127506242
-22.799081135088755,-4.886516238883594
-22.799126269336796,-4.8770286349605705
-22.799160941021466,-4.867539967640468
-22.799185127075315,-4.858050248400992
-22.799198825347393,-4.848559488791094
-22.79426294051491,-4.593232540633492
-22.79336877851517,-4.58365179560834
-22.792695550598115,-4.574070843041856
-22.79200970171666,-4.564489454199138
-22.79131122973175,-4.5549076456630635
-22.775511324745057,-4.460015983614859
-22.774917823219408,-4.451037940111099
-22.774314235709777,-4.442061498657393
-22.773700564830992,-4.433086670450077
-22.773076813210192,-4.4241134666818525
-22.772442983486815,-4.415141898541776
-22.771799078312597,-4.406171977215246
-22.771145100351575,-4.397203713883988
-22.770481052280072,-4.388237119726042
-22.778769474547897,-4.258954392263164
-22.7781806503238,-4.249767990152852
-22.777582338168195,-4.240582336379475
-22.776974538983495,-4.2313974407186645
-22.77635725368218,-4.222213312944994
-22.775678368893658,-3.928976304273557
-22.774660699698206,-3.9192690265961154
-22.77377686022653,-3.9095513286519274
-22.772882745801645,-3.89983269175461
-22.771978353390733,-3.8901131267681164
-22.775558192083878,-3.762071117984354
-22.774506813539215,-3.752651218225111
-22.773486364446633,-3.743227835828237
-22.77245588841891,-3.7338047890550636
-22.77141538486803,-3.7243820884970518
-22.769488803012543,-3.59951555359225
-22.768269817946035,-3.5903995862159723
-22.767081778638392,-3.58128065342675
-22.765883904827657,-3.572163303687051
-22.7646761986107,-3.56304754736632
-22.763458662094997,-3.55393339483124
-22.753996491096817,-3.4303100755486065
-22.752748820137448,-3.4213584197520537
-22.751492037191934,-3.412408870651824
-22.75022614554035,-3.4034614371583385
-22.74895114847095,-3.394516128177153
-22.772774191293898,-3.2407682717078785
-22.772418720561404,-3.2316731138810937
-22.77205892668282,-3.2225785650495733
-22.771694810404536,-3.2134846262963705
-22.771326372471894,-3.204391298703735
-22.770953613629185,-3.195298583353114
-22.791089440874803,-2.996626302933836
-22.791632097266284,-2.986860181651453
-22.79197946572442,-2.9770995877977504
-22.792325889942337,-2.967336872276884
-22.792671367931913,-2.9575720336880655
-22.793015897703448,-2.94780507063194
-22.799631028027424,-2.7094398967619115
-22.799626157030907,-2.6986357830572283
-22.799617620629952,-2.687825918876642
-22.799605410703542,-2.677010304015514
-22.799589519128542,-2.6661889382778066
-22.80194267727167,-2.5443642279072813
-22.801779874919436,-2.534011016376546
-22.801649142751934,-2.523654130193908
-22.80151463382142,-2.51329355004622
-22.801376342509823,-2.5029292757736012
-22.801234263196704,-2.4925613072225237
-22.777930885487763,-2.3586011790604573
-22.777460480528386,-2.3484178300721483
-22.776985323243597,-2.3382318604391945
-22.77650540930368,-2.328043271430569
-22.776020734378047,-2.3178520643203715
-22.76436534786066,-2.177890165525915
-22.76436867788654,-2.167885299231312
-22.764207308338044,-2.15788604288008
-22.764043669235313,-2.147884917312214
-22.763877758640977,-2.1378819222595484
-22.768450586263253,-1.9553477063320597
-22.769051321891766,-1.9450815763483966
-22.76956594553406,-1.9348140518677095
-22.77008213714135,-1.9245437920687298
-22.77059989590155,-1.9142707962466048
-22.76778582427259,-1.7014195611245386
-22.768256287593097,-1.6905790710731987
-22.768720659538573,-1.6797335798004753
-22.769186309759984,-1.6688834720647356
-22.769653237085777,-1.6580287473627013
-22.76760925662223,-1.4773926466196556
-22.767466102154714,-1.4663828681916595
-22.767320534474475,-1.4553681994181538
-22.767172549265755,-1.4443486403000092
-22.76702214221233,-1.43332419084094
-22.766869308997503,-1.422294851047506
-22.766714045304134,-1.411260620929112
-22.767683410862738,-1.326997368954554
-22.767203011459024,-1.3166730184156046
-22.766718772751563,-1.3063466875949268
-22.766230692057686,-1.296018377238115
-22.76573876669414,-1.2856880880933557
-22.752123920283097,-1.1849280963609914
-22.75147577038782,-1.175271288038077
-22.750823790867916,-1.1656151383464204
-22.75016798230454,-1.1559596481863728
-22.749508345278407,-1.1463048184578088
-22.74884488036978,-1.1366506500601279
-22.719047543943283,-1.0047837216520241
-22.718372629442797,-0.9952650679130062
-22.717694591562548,-0.9857475493505939
-22.717013431228636,-0.9762311667836793
-22.716329149367247,-0.9667159210305298
-22.715641746904634,-0.95720181290879
-22.69844942110558,-0.7848443275167866
-22.698336971971422,-0.7749816244835114
-22.698014383194106,-0.7651337028761649
-22.697690933129362,-0.7552855386496281
-22.69736662167955,-0.7454371317954389
-22.682572801765954,-0.5379417359617982
-22.682298297671927,-0.5275420637791945
-22.682004923878782,-0.5171407570708235
-22.68171107170484,-0.5067372160463316
-22.681416740713598,-0.4963314407006148
-22.681121930468557,-0.4859234310286327
-22.652201679453636,-0.29380036953804894
-22.651336354729843,-0.2829835660142013
-22.650467718678915,-0.27216331054488063
-22.64959576931843,-0.26133960413519514
-22.648720504666258,-0.25051244779108744
-22.624982077147813,-0.11680838814801314
-22.62365272981436,-0.10638898687395329
-22.622318148325355,-0.0959680630102329
-22.620978331040938,-0.0855456191582072
-22.619633276322535,-0.07512165792039911
-22.61828298253285,-0.06469618190049868
-22.599074177242045,0.041700934190083416
-22.59793334029634,0.051640658482932665
-22.596691517681737,0.06156750372851821
-22.595445702610366,0.07149405899414522
-22.594195895135183,0.08142032270909876
-22.578340223907464,0.2617503375636171
-22.577392117747547,0.2719416267614123
-22.576394162788528,0.28212770064136733
-22.575393841825182,0.2923145735119689
-22.5743911545213,0.302502244843341
-22.55902626442543,0.48287279063586785
-22.558311145382767,0.49328908807694943
-22.5575477718963,0.5037023456707596
-22.556783561195736,0.5141172443541415
-22.556018513149244,0.5245337840769481
-22.555252627624995,0.5349519647890238
-22.55088628989327,0.7059840562865989
-22.550209276247422,0.7165883950250359
-22.54953184324269,0.7271949601857173
-22.54885399076722,0.7378037517542936
-22.548175718709153,0.748414769716411
-22.530064371182192,0.9615761250434366
-22.52819900144707,0.9725884026500732
-22.526633955783137,0.9836234501420683
-22.525063599000237,0.9946617385749221
-22.523487927907155,1.0057032654064881
-22.500042085543754,1.1046179410095274
-22.497981037345657,1.1147906942490466
-22.495963637260562,1.1249701974473545
-22.493939297653334,1.1351492326741746
-22.491908018274568,1.1453277952066039
-22.455219802159263,1.2547630395334426
-22.45291872467355,1.2643248465313222
-22.45061034332539,1.2738837265184337
-22.448294661157465,1.2834396739285354
-22.4459716812167,1.2929926831982648
-22.443641406554246,1.3025427487671417
-22.411869324853306,1.4356121901622338
-22.409661965509752,1.4450555960197695
-22.407397071627237,1.454483361696163
-22.405125912845534,1.4639080289644157
-22.4028484921808,1.4733295936712605
-22.35787039344627,1.6597191671313005
-22.355632688316867,1.6695349799640258
-22.35336747514287,1.679344090347441
-22.351096630602164,1.6891518062438675
-22.348820155526237,1.698958124465718
-22.30349476964551,1.8598716827262292
-22.300954336624184,1.8696786899087325
-22.298412941239395,1.8794854682051412
-22.29586520041814,1.8892907587831136
-22.293311115027542,1.8990945576383031
-22.260033722229995,2.0640493675033094
-22.257314927995452,2.0738787561954304
-22.254599332925164,2.0837092824475034
-22.251876962289636,2.0935383307565765
-22.24914781687752,2.103365896498484
-22.228121537528978,2.248842108731808
-22.225186569412955,2.258421357623566
-22.22226886314743,2.26800490751758
-22.21934371712983,2.2775858716600426
-22.216411133633397,2.2871642442848517
-22.177519979334356,2.3900765204909287
-22.17474942907584,2.399124563311005
-22.17195886463423,2.4081640561847846
-22.1691625914134,2.4171993781741605
-22.16636061386306,2.426230525711405
-22.16355293643514,2.435257495232962
-22.10160460122063,2.6038318971526353
-22.098548135444496,2.613174716992051
-22.09548533143054,2.6225146209587265
-22.09241619167906,2.6318516047604295
-22.08934071869324,2.641185664106948
-22.026010920575672,2.787713925852114
-22.023017600621383,2.7970842015103283
-22.01996395346766,2.806433831078149
-22.016904947927593,2.8157809733354076
-22.013840585663914,2.825125625311701
-21.948326172230097,2.9970195166574567
-21.94491984683849,3.006540337156528
-21.941511157102457,3.0160605887912584
-21.938096015189632,3.025578918595571
-21.93467442217412,3.035095322464313
-21.862911204544197,3.2127590186211346
-21.85857626034302,3.222262225446026
-21.854268305992353,3.2317759489736004
-21.84995002572388,3.24128669626313
-21.84562142148244,3.250794456621197
-21.785016855357316,3.3501923266733926
-21.780215625417448,3.3588661829382533
-21.775403006838282,3.3675331994136553
-21.770579008978807,3.376193361405619
-21.765743641216716,3.3848466542326188
-21.760896912948386,3.3934930632256055
-21.756038833588857,3.4021325737280326
-21.71298696806994,3.465493600639654
-21.708351889787075,3.473465914552856
-21.703707797987835,3.481429624443164
-21.699054705714488,3.4893847201623873
-21.69439262602069,3.4973311915803276
-21.62782554374435,3.64667281413505
-21.623533485892015,3.654964433165575
-21.619167951059804,3.6632105269458988
-21.61479537701398,3.671450279773207
-21.61041577107305,3.679683685669512
-21.52343302646401,3.8544074584763335
-21.519120634558696,3.8631969313333476
-21.514777744005425,3.8719698232582447
-21.510428645013196,3.8807391054497913
-21.506073340277112,3.889504773691116
-21.431214528190363,4.057500705101657
-21.426559440664594,4.066436076860026
-21.42189707248894,4.07536830909923
-21.41722742578121,4.084297396077457
-21.412550502663652,4.093223332054329
-21.407866305262925,4.102146111290894
-21.329094919142157,4.248429235592235
-21.323399089820178,4.256969683678462
-21.317836155939002,4.265580125385921
-21.312262305219175,4.274184895385569
-21.306677543397758,4.282783980045786
-21.30108187622863,4.2913773657407015
-21.257012204478666,4.341160829858412
-21.251447334386835,4.348629361754091
-21.24587318431977,4.356088090853109
-21.24028977043031,4.363537005667185
-21.234697108885463,4.370976094733565
-21.229095215866366,4.378405346615032
-21.18040223715187,4.438159546654752
-21.17516641944806,4.444967223082916
-21.16992421916317,4.451763972403179
-21.164675655101927,4.458549789155613
-21.159420746072897,4.465324667909829
-21.074419850613157,4.587391216561419
-21.069198619273173,4.5942561859005835
-21.063971708906976,4.601111446423744
-21.058739134308354,4.6079569938408325
-21.05350091027376,4.614792823882317
-21.0482570516023,4.621618932299206
-20.964616907011585,4.745411360992787
-20.95973087634803,4.752695619369573
-20.95472696491266,4.759885190515375
-20.949718844525407,4.76706759720177
-20.94470652306083,4.774242837142269
-20.8517984706916,4.930018330806937
-20.84678397977149,4.937664680743997
-20.841748593822487,4.945294339203755
-20.836709227883553,4.952919156582218
-20.831665885934665,4.960539130845533
-20.826618571956818,4.96815425996287
-20.718628357639837,5.117707205502149
-20.71294187313952,5.125473499500452
-20.707248815920586,5.1332350234094735
-20.701549189967626,5.140991771696931
-20.695842999269875,5.148743738833859
-20.603061861271005,5.2629161713223915
-20.596827468161216,5.270151417534161
-20.59058480751192,5.277379215922113
-20.584333888190365,5.284599557041974
-20.57807471907458,5.2918124314599995
-20.571807309053362,5.299017829752978
-20.50669613260247,5.33086334343746
-20.501000033471612,5.337466588027095
-20.495134370900768,5.3439177034212095
-20.489263546554387,5.350359823972837
-20.483387572103645,5.3567929456672205
-20.35113309354395,5.494947713287334
-20.344731650713406,5.501589413784435
-20.338326457302653,5.5082258140002285
-20.33191438311337,5.514854021513183
-20.325495437916565,5.521474029245235
-20.217401356035243,5.611826530258165
-20.21137907934462,5.61869131092659
-20.205253428488916,5.625453960849834
-20.199123072886948,5.6322105468478645
-20.19298801731059,5.638961065809011
-20.1868482665337,5.645705514624996
-20.075791305854764,5.781982327937483
-20.06967090826254,5.7892786490721635
-20.063546486977707,5.796571870010792
-20.057418043202617,5.803861989148965
-20.051285578140185,5.811149004882691
-19.909602763429017,5.995704850658397
-19.902442129254478,6.003253883920204
-19.895496409067185,6.010988595762652
-19.888543395649407,6.018721218871976
-19.88158308945818,6.0264517481896025
-19.874615490953655,6.03418017865694
-19.78060870283828,6.12759110721919
-19.773489846412488,6.134894718057122
-19.766363447209145,6.142194320822701
-19.759229507479564,6.149489909137738
-19.752088029479975,6.1567814766253095
-19.653565955521415,6.24091144911465
-19.646557507607028,6.247867735383214
-19.639496727216375,6.254773908013039
-19.632429475025926,6.261675023627871
-19.625355754492936,6.268571077129157
-19.49640769953366,6.386460315144052
-19.48887022219448,6.393149355729854
-19.481373596505208,6.399882502312941
-19.473869268747837,6.406609699600699
-19.466357243547147,6.413330940236716
-19.357645316634642,6.492107690228662
-19.350344274738383,6.4986554890702655
-19.343037261420502,6.505197739640729
-19.33572428030751,6.511734437741846
-19.32840533502856,6.51826557917761
-19.205640495811387,6.655513379340685
-19.198602055657712,6.662782170439717
-19.191401262494757,6.669871035329964
-19.18419556290575,6.676957380835001
-19.17698495768082,6.684041205026514
-19.169769447610737,6.691122505976423
-19.018244819761083,6.853269502176664
-19.01013949830618,6.86054307884536
-19.002025521674135,6.867813602387523
-18.99390289075797,6.875081065433594
-18.98577160645623,6.882345460614067
-18.870363779361234,6.954751656371566
-18.861865741115185,6.961015736647
-18.853498428469468,6.967429638696423
-18.84512223498564,6.973836656117296
-18.836737166317263,6.980236778937286
-18.723615607069014,7.038611219341397
-18.715150131640872,7.044174310785585
-18.706676463154704,7.049727166679097
-18.69819461350959,7.055269776357189
-18.689704594617588,7.060802129168576
-18.681206418403736,7.0663242144754514
-18.67270009680602,7.071836021653497
-18.55815943077375,7.124786769644173
-18.549498326562297,7.12972975761527
-18.540829465116023,7.134660440931148
-18.532152862930364,7.139578808591264
-18.52346853651548,7.144484849616375
-18.407004248804302,7.234831383074121
-18.3986333290465,7.240008440272049
-18.390256329804913,7.245175857260499
-18.38187326132819,7.250333627508303
-18.37348413387165,7.255481744494672
-18.365088957697246,7.260620201709209
-18.219212157123724,7.356662365832369
-18.210608794014338,7.362024234919001
-18.201998976544026,7.367377972364073
-18.19338271190931,7.372723571725603
-18.1847600073126,7.378061026567722
-18.17613086996217,7.383390330460672
-18.008616906156078,7.506801285120612
-17.999310445040717,7.512206391953283
-17.99005275371377,7.517696823741773
-17.980786504108945,7.523179309812375
-17.971511703030448,7.5286538398707945
-17.820747243802632,7.6028051454844965
-17.81109693813958,7.607599059856361
-17.80147441802089,7.612444710952429
-17.791842911901014,7.617279501506104
-17.782202431917856,7.622103418268389
-17.77255299022696,7.62691644800374
-17.667236604552695,7.670491497923861
-17.657726317218312,7.674472228042457
-17.648208788082357,7.678438914507967
-17.638684037412418,7.682391545423555
-17.629152085494525,7.6863301089211316
-17.515006765930426,7.732083189301843
-17.505829938748384,7.735741217443099
-17.496648091161283,7.739385657518994
-17.487461242380338,7.7430165027993665
-17.478269411625625,7.74663374658038
-17.469072618126063,7.750237382184537
-17.338365428529368,7.833630226718776
-17.329492947820068,7.838119337029962
-17.320499821333865,7.842299811239295
-17.311502489792513,7.84647065942316
-17.30250096307444,7.850631877451089
-17.160421011531817,7.982486406654813
-17.15143904910525,7.987349334908564
-17.14245283932731,7.9922061010051895
-17.13346238639896,7.997056701320141
-17.12446769452421,8.001901132231712
-17.115468767910098,8.006739390121043
-16.963794256307388,8.119334626928612
-16.954412281458286,8.12426576167298
-16.94508600421488,8.129305062454964
-16.935754268110482,8.134338789731089
-16.926417076018364,8.139366937937668
-16.917074430817255,8.14438950151198
-16.776664465837094,8.241350958211502
-16.76708138246577,8.246225014433817
-16.757491987775474,8.25109238563969
-16.74789628543878,8.255953064023526
-16.73829427913762,8.260807041780266
-16.627678020706075,8.305549208116316
-16.618482087140528,8.310015941982092
-16.60926298691457,8.314437628060439
-16.600039806098643,8.318851921157172
-16.590812550279807,8.323258817527302
-16.436468081952448,8.4023754052356
-16.42711754229654,8.406787455334658
-16.41776274962555,8.411192546465838
-16.40840370865938,8.415590674527506
-16.3990404241219,8.419981835420659
-16.389672900740923,8.42436602504892
-16.25121851096916,8.492455060910324
-16.241929615222084,8.497014938047208
-16.232582229924073,8.501452157418722
-16.223231020463228,8.505883298395887
-16.21387599032617,8.510308357681911
-16.067022562615254,8.591261270632055
-16.05767580561925,8.595781386965584
-16.048316433606317,8.6002771678408
-16.03895346483622,8.604767645080324
-16.029586901664743,8.609252815809016
-16.020216746449982,8.613732677151983
-15.848454900631024,8.694301771698129
-15.838419332356414,8.698199010800101
-15.8283777383298,8.702087094554308
-15.818330125733302,8.705966013971175
-15.80827650176212,8.709835760064742
-15.712537391663217,8.736123626560184
-15.70300713208673,8.739211078706202
-15.69350969474135,8.742380432397853
-15.68400931942418,8.745539087595079
-15.67450601768768,8.748687042151275
-15.535160894347461,8.797070574145543
-15.52567464034571,8.799784001180102
-15.516200328141032,8.802528554886692
-15.50672374078207,8.805261396766397
-15.497244892226133,8.807982526055094
-15.369791828294955,8.859415469590514
-15.36065558859918,8.862434228322773
-15.35151841063737,8.865444280366598
-15.342380302196705,8.868445627752354
-15.33324127105822,8.871438272516617
-15.324101324996793,8.874422216702152
-15.314960471781147,8.877397462357912
-15.189524023718207,8.969239494903656
-15.180769943766482,8.97357568534683
-15.172016255356603,8.977910265946074
-15.16326295776889,8.982243238303663
-15.154510050282092,8.986574604020682
-15.145757532173386,8.990904364697007
-15.13700540271838,8.995232521931324
-15.128253661191108,8.999559077321113
-15.119502306864042,9.00388403246265
-14.895164246759082,9.132852640236356
-14.8851228113031,9.138017278403561
-14.87507668739012,9.143182810079972
-14.865025871531019,9.148349231836656
-14.854970360238946,9.15351654024137
-14.572449089775677,9.274904822653617
-14.562035235877973,9.279888815802309
-14.551613501188955,9.284868268645102
-14.541186153176225,9.28984752026417
-14.530753188983942,9.294826566028739
-14.362652218907067,9.317820016675016
-14.35188425191995,9.321567232109766
-14.341145162351223,9.325381968147065
-14.330399825091705,9.3291909368172
-14.319648242349151,9.332994130404558
-14.3088904163398,9.33679154119324
-14.298126349288369,9.340583161467075
-14.287356043428062,9.34436898350963
-14.199505754919072,9.322783625277454
-14.189223309104356,9.325676560417653
-14.178937368632988,9.328561076745487
-14.168647937690722,9.331437162708085
-14.158355023180059,9.334304814461523
-14.148058632007508,9.337164028167528
-13.90066982094734,9.37935699735193
-13.890496500385757,9.382062358964223
-13.880320743197585,9.384760269254045
-13.870142554656681,9.387450726275246
-13.859961940038358,9.39013372808532
-13.64076737621416,9.448374285222638
-13.629835833757705,9.450705795409185
-13.618930144100963,9.453145494169856
-13.608019688710103,9.455576369970737
-13.597104474675325,9.45799841708479
-13.434001736979647,9.482885894769906
-13.42305830578073,9.484565209279994
-13.412122819227585,9.486287030410626
-13.401183301159103,9.487997171429106
-13.3902397638919,9.489695626246217
-13.252280999884633,9.478905203625656
-13.241656622664191,9.47969602311628
-13.231036235442897,9.480509394451897
-13.220414168230073,9.48130837553176
-13.20979043979003,9.482092963660163
-13.064976490224677,9.469145369801812
-13.054605148592849,9.469326100613102
-13.044234649513864,9.469501712163629
-13.033864267987374,9.469661776797928
-13.023494025964746,9.469806295015587
-13.013123945396355,9.469935267346028
-12.866411105028105,9.477176972234874
-12.856141170474361,9.477288198713213
-12.845871787416053,9.47738516580494
-12.83560297436021,9.477467874773263
-12.825334749811836,9.47753632690442
-12.662301589313142,9.498161271432577
-12.652055227812141,9.49820559646931
-12.641809612987753,9.498244238354252
-12.631564731832675,9.498269487441322
-12.621320601062969,9.498281345285147
-12.475007321374573,9.523098682837116
-12.464964229732558,9.523175170213765
-12.454922559400453,9.52323929051106
-12.444882324308885,9.523291329934544
-12.434843538657905,9.523331291483984
-12.276078889335064,9.55995703321645
-12.26607623246247,9.560092228696808
-12.256075019169469,9.560225274005418
-12.246075242003041,9.56034728276944
-12.236076913129653,9.560458258217052
-12.117824211658753,9.594115567152501
-12.108306398511596,9.594610344092876
-12.098791182255653,9.595080482289262
-12.089278739610588,9.595542454820531
-12.079769077496394,9.595996267395915
-12.070262202824704,9.596441925730419
-11.923784501253577,9.62747548211447
-11.914293929008632,9.628388803671069
-11.904805748756372,9.629296765236756
-11.895319963279976,9.630199370756626
-11.885836575358159,9.631096624176992
-11.695049972453305,9.669269145770032
-11.685186542859787,9.670431595466777
-11.675322242499835,9.671573329639367
-11.665458649406641,9.672710844654757
-11.655595764792352,9.673844141979952
-11.513197329420372,9.679729855287981
-11.503528380427374,9.680799324787353
-11.493859236270936,9.681850843138536
-11.484191537819827,9.682898479730001
-11.474525286258936,9.68394223666532
-11.286005722497048,9.701566469448393
-11.275960948344792,9.702137083007536
-11.265916299502912,9.702701298942625
-11.255871779489818,9.703259117904466
-11.24582739182288,9.70381054054514
-11.235783140018436,9.704355567518
-11.108725130721403,9.713115363851385
-11.098919950196194,9.712833604814227
-11.089126055950274,9.712719800381636
-11.079333644566956,9.712596936732156
-11.069542723628478,9.712465017283542
-11.059753300710977,9.712324045458631
-11.0499653833845,9.712174024685336
-11.04017897921299,9.712014958396633
-11.030394095754298,9.711846850030549
-10.986951143101766,9.701904742188322
-10.977998487661349,9.701541530875831
-10.969050476993187,9.701170022667151
-10.960107118043386,9.700790228297738
-10.951168417738836,9.700402158507671
-10.942234382987222,9.70000582404164
-10.694663653346622,9.719288550815483
-10.685577216154218,9.719016568469216
-10.676494240929204,9.718737552177279
-10.66741473163932,9.718451509705671
-10.658338692238836,9.718158448819985
-10.523880342555938,9.674583790058993
-10.514908291676264,9.675598689407003
-10.505973588894522,9.67548408446563
-10.49704263317189,9.675364631126694
-10.488115426891977,9.67524033464092
-10.251082613602662,9.703027461543941
-10.241196747997162,9.703085180035785
-10.231310789381268,9.703138267938252
-10.22142473916289,9.703186725143174
-10.211538598750042,9.703230551541916
-10.201652369550855,9.70326974702536
-10.191766052973573,9.703304311483917
-10.181879650426554,9.70333424480752
-10.171993163318273,9.703359546885624
-10.003407618422171,9.656909373645084
-9.992993206442142,9.656267820215932
-9.982577310188884,9.6556190175181
-9.972159934250637,9.654962830045159
-9.961741083773965,9.654299255005018
-9.951320763908962,9.653628289609097
-9.644157112172428,9.546668411574634
-9.633602486325978,9.54329995989932
-9.623049925841503,9.539911808227922
-9.612499467503147,9.536503952566079
-9.60195114811711,9.533076388988144
-9.625398255593506,9.445033268694358
-9.617852294997148,9.438515332827478
-9.609706810073002,9.433916436294677
-9.60157468592113,9.429298691093702
-9.59345596613886,9.424662134554712
-9.58632165297983,9.373399760699746
-9.57968068687629,9.368818091581435
-9.573088614874607,9.364165929186482
-9.566514537187992,9.359499789413736
-9.55995848301154,9.354819731380616
-9.48890650621332,9.323582001881562
-9.482650839361536,9.31959004648594
-9.476666653434192,9.315239694966024
-9.47070046777536,9.310879133372147
-9.464752297910653,9.306508420871333
-9.458822159190134,9.3021276166485
-9.33304594861013,9.268162212635064
-9.326974587295364,9.263970812817577
-9.32091918355404,9.259770570323925
-9.314879746597278,9.255561535461085
-9.30885628549123,9.251343758533075
-9.159441570584667,9.230468792330969
-9.152761932315283,9.227097417770482
-9.146351342919276,9.223347107020917
-9.13995318526582,9.219589784959345
-9.13356746090113,9.21582548695067
-9.058170477699951,9.219517802703265
-9.050703063768665,9.2193503931376
-9.044393229404037,9.217127916791934
-9.038093344303638,9.214905041131233
-9.031803403134582,9.212681783580353
-8.74104392066707,9.11033071186683
-8.732413147806971,9.108915469006023
-8.724012549581547,9.106831856656722
-8.715613714472271,9.104747760931447
-8.707216641600994,9.102663182880297
-8.434779838587154,9.010718494042704
-8.424659911363488,9.00905981103362
-8.414651050785283,9.00693456137476
-8.40463794766691,9.004809401377114
-8.394620601983368,9.002684330682099
-8.38459901370968,9.000559348931121
-8.190014030426312,8.920467743038666
-8.179427123471607,8.917920380490553
-8.16883414755955,8.915371791771506
-8.158235102633975,8.912821977135314
-8.147629988638716,8.910270936835776
-7.967498482106258,8.830998310110193
-7.956609856198024,8.828308827656887
-7.94576226337191,8.825422294230224
-7.93490804059748,8.822533651335958
-7.924047187503534,8.819642899938714
-7.749246302901931,8.721789051132228
-7.738678619001877,8.717063166581697
-7.727969541733733,8.712829903122037
-7.717255734508306,8.708588048707886
-7.706537201922504,8.704337599643644
-7.647025178176159,8.618883371358368
-7.637425589385681,8.614372713078456
-7.6278464563146935,8.609801811212481
-7.61826715433821,8.60522206317214
-7.608687688383739,8.600633468308876
-7.476028917345933,8.509048619386533
-7.4665763622267,8.504314429338088
-7.4571238578364225,8.4995718114278
-7.447671407230635,8.494820765478165
-7.438219013464948,8.490061291312582
-7.428766679595049,8.485293388755341
-7.419314408676696,8.480517057631634
-7.272617586129695,8.397812988007072
-7.262864067555918,8.393034878221329
-7.2531090191229195,8.388249311571377
-7.243352440918379,8.383456288038992
-7.233594333029975,8.378655807605952
-7.071734152138511,8.307237831456348
-7.0617739685645775,8.302615997253582
-7.051865700339565,8.297879690678215
-7.0419552424483856,8.29313689369198
-7.032042593874389,8.28838760659351
-6.840892490124877,8.19853450898191
-6.830978005617028,8.192772115688303
-6.820909127526283,8.187313893791519
-6.810838441701237,8.181846147629857
-6.800765951403913,8.176368876317301
-6.700826335688235,8.075542124226697
-6.691654680578535,8.069345159627188
-6.682485764367899,8.063136111545074
-6.673319596656034,8.056914981179919
-6.664156187042124,8.050681769737773
-6.654995545124834,8.044436478431175
-6.645837680502298,8.038179108479149
-6.6028886458308325,7.9559260389049715
-6.594940736950515,7.949251074347427
-6.587000888546867,7.942563433832269
-6.579069114867509,7.935863125564084
-6.571145430152386,7.92915015776149
-6.563229848633751,7.922424538657125
-6.50081008870678,7.830273273464012
-6.493565323872729,7.823526785929628
-6.486330531105906,7.816768878602524
-6.479105722409707,7.8099995617827265
-6.471890909778227,7.803218845781189
-6.334102079651885,7.697968692980623
-6.326543705867906,7.69131824806511
-6.319115852741469,7.684530296766457
-6.311696262688583,7.6777317352264545
-6.304284944973306,7.670922570372456
-6.179620403078266,7.584155220027336
-6.1718246642094945,7.577915316131688
-6.164232395138845,7.57145648199419
-6.1566464004814545,7.5649892724970345
-6.149066684615858,7.558513690850452
-5.97344989762976,7.418872651005604
-5.965836732927357,7.411366407429752
-5.95804200101951,7.404065557751132
-5.950253457628308,7.3967534847328364
-5.94247111233597,7.389430192844816
-5.843028652476915,7.256637443756739
-5.835902458117239,7.2487017242170415
-5.828785729634246,7.240753383064842
-5.821678482125763,7.232792430123557
-5.814580730680135,7.224818875232287
-5.807492490376218,7.216832728245798
-5.800413776283354,7.2088339990345265
-5.751448895399003,7.089206548518652
-5.745792620336684,7.080416598368137
-5.740153383696545,7.071612981438952
-5.734531211801677,7.062795727501954
-5.728926130926125,7.0539648663738115
-5.742785061169159,6.9450666844492455
-5.738724003703125,6.936320046104514
-5.734684973203744,6.927563241071407
-5.730667990533367,6.918796314709495
-5.726673076469302,6.910019312417357
-5.722700251703742,6.901232279632424
-5.648602316615835,6.798001561945601
-5.644730245457011,6.7894028416736
-5.640879023850768,6.780795688728263
-5.637048667716124,6.77218014438953
-5.633239192897721,6.763556249965244
-5.629450615165768,6.754924046791025
-5.535913700529525,6.650224753191402
-5.531893825734991,6.64179876045861
-5.527929870627969,6.633349557404036
-5.523984497575215,6.62489315535595
-5.520057718578166,6.616429588337044
-5.394199337889718,6.478861526309156
-5.390061200452808,6.470169470519578
-5.385842552091311,6.461514595442612
-5.381640670662583,6.452852131531885
-5.377455568933834,6.444182108221406
-5.373287259623443,6.435504554965777
-5.283843063782018,6.326214692455118
-5.279807991249021,6.317565140679892
-5.275789546842483,6.308908889635116
-5.27178774154052,6.300245969570074
-5.26780258626817,6.2915764107518495
-5.209790175129434,6.184570533116792
-5.20669822126882,6.175886778126089
-5.203323972022466,6.1673375706947
-5.199967777916139,6.158783596751697
-5.1966296454522025,6.15022489274194
-5.149057365883125,6.053144753685016
-5.146005762738477,6.044964553909921
-5.1429714149562145,6.036781880756314
-5.139954322543148,6.028596768637144
-5.1369544854399205,6.020409251958897
-5.133971903521025,6.012219365121464
-5.063339089115208,5.912983618711867
-5.05967923006649,5.905260560541369
-5.056358070399773,5.897417878361933
-5.053050878487685,5.889573899137623
-5.0497576517590534,5.8817286462973
-4.919145729266209,5.748579381910645
-4.914739200931521,5.740860312160791
-4.910542656187757,5.733054803936018
-4.906355411997019,5.725247397515747
-4.902177467375111,5.71743810393258
-4.898008821324803,5.7096269342145645
-4.750498819031643,5.582985981499818
-4.745365708027945,5.575143827430523
-4.740237612363788,5.567299049990447
-4.735114532386489,5.559451651621933
-4.72999646844326,5.551601634765614
-4.577114768684928,5.40031026551784
-4.571692779088686,5.391884696317881
-4.566275497798114,5.38345354343506
-4.560862930290177,5.375016805378245
-4.555455082053042,5.366574480661258
-4.550051958586083,5.358126567802905
-4.544653565399872,5.349673065326994
-4.520823551054369,5.27741190177745
-4.51626800821816,5.269253407648872
-4.511719847713704,5.261091301887557
-4.507179070563092,5.252925588917277
-4.502645677790872,5.244756273157352
-4.449439233604632,5.138047203302527
-4.444793349995437,5.13032489769763
-4.440398668993288,5.122462373825319
-4.436010664597529,5.114597986389401
-4.431629334436187,5.106731739640764
-4.3112977226753495,4.972632620906977
-4.306032283253273,4.964910338920541
-4.300957138415908,4.957081061450653
-4.295885282414416,4.949249764152256
-4.290816713824625,4.941416445182848
-4.285751431229986,4.933581102694637
-4.167696689374068,4.818485806492308
-4.161907469180612,4.810866224605796
-4.156118103524684,4.803245495624976
-4.150328590697981,4.795623614722651
-4.1445389289996175,4.7880005770682805
-4.138749116736123,4.780376377827985
-4.132959152221453,4.772751012164564
-4.127169033776986,4.765124475237495
-3.990689576083517,4.633865613797983
-3.9841906470431683,4.62590678952942
-3.9776893824943302,4.617945019607093
-3.971185574054165,4.609980456940068
-3.964679222314924,4.6020130934634045
-3.7932647243459274,4.400982118992087
-3.7863483521372645,4.39328796440728
-3.7796087818383226,4.385439070741117
-3.772865781619312,4.377588199842336
-3.7661193514193307,4.369735344728239
-3.666888721820661,4.2113179348170835
-3.6603064023065017,4.202982074755188
-3.6536854236121648,4.194674475504922
-3.6470620586295412,4.18636318746681
-3.6404363093479786,4.178048203881436
-3.5745738575954147,4.045948246761212
-3.568200527097542,4.0377068868931625
-3.5618255769814735,4.029462778793893
-3.555449008373337,4.021215918446746
-3.549070822403056,4.012966301835486
-3.542691020204348,4.004713924944305
-3.5363096029147254,3.9964587837578227
-3.5299265716754933,3.9882008742610924
-3.5235419276317534,3.979940192439602
-3.5171556719323998,3.9716767342792774
-3.487349145535144,3.862696996733089
-3.481484906209866,3.8541415705576423
-3.475621311759687,3.845582507615912
-3.469758364438502,3.8370198056263614
-3.4638960665031617,3.828453462308851
-3.3854266434262392,3.545084865233117
-3.3800385719726735,3.536034456349584
-3.3749507054380827,3.526777069949402
-3.369866569398638,3.517514351015607
-3.3647861683966274,3.5082463007131284
-3.343832965660716,3.3030484694198576
-3.3407516121152443,3.292544040770555
-3.3371804614598672,3.282292266393899
-3.3336205857390393,3.2720325920264663
-3.3300719976663973,3.2617650300546583
-3.3785109039244903,3.13431682637612
-3.377350765110917,3.124133266326564
-3.3762119854639305,3.1139457940150623
-3.3750945751293995,3.103754453048444
-3.373998544165917,3.093559287057078
-3.372923902544748,3.0833603396947
-3.3718706601497788,3.0731576546382415
-3.455057240566561,3.0594764628900686
-3.455506511831426,3.0506607628534113
-3.4559792309756365,3.041849436931411
-3.4564753831876525,3.033042541977332
-3.456994953525323,3.0242401348042947
-3.4605457973954916,2.91379432716907
-3.4599017173112205,2.9052911166685957
-3.460045879135472,2.896849949567529
-3.4602089772162823,2.888413188017841
-3.4603909999759117,2.8799808676331256
-3.3949085551578086,2.6463679379502594
-3.3944569577652692,2.6369399690518165
-3.3940828929770612,2.627514266974432
-3.3937254951071236,2.6180885036657644
-3.39338476372427,2.608662705968955
-3.3629228745191355,2.4049082917247095
-3.3634918547057366,2.3948885667286737
-3.363702615752835,2.3848818186180525
-3.363932661590653,2.3748740652171287
-3.364181995817753,2.3648653422277284
-3.3848221171958723,2.2275546449705987
-3.3863742062824405,2.2178401920057897
-3.387584344697831,2.2081200695342527
-3.3888163730151213,2.198402065214208
-3.390070287518415,2.188686226511049
-3.3913460843915804,2.1789726008836348
-3.406325596157601,2.0791292746482486
-3.408492645359288,2.0700757554749987
-3.4106832163415213,2.0610291464339143
-3.412897288945983,2.0519895075564603
-3.415134842863257,2.0429568988182947
-3.421717973503161,1.9498851913919149
-3.424718306785247,1.9417043365375044
-3.4273206742563094,1.9334296141646656
-3.4299448491293276,1.9251654159186424
-3.432590795300627,1.9169117990140634
-3.4264174479369207,1.8349505201247767
-3.428378109758515,1.8272376492162412
-3.4305843524611697,1.81960822262667
-3.432807389581644,1.811989824989621
-3.4350471825881232,1.8043824932205117
-3.408809629374409,1.6542708651044946
-3.4106675901478383,1.646515855271388
-3.412539984512975,1.6387698256297065
-3.414426781408342,1.631032801800677
-3.416327949730396,1.6233048093110853
-3.4182434583337944,1.615585873593215
-3.414876206995226,1.4776716415610003
-3.416724457210111,1.4698522554580855
-3.418534076785696,1.4620281056354256
-3.420356821016222,1.4542117355059672
-3.4221926640855114,1.446403164512617
-3.4240415801563557,1.438602412021564
-3.422092151390242,1.3094708233309085
-3.4240527400799907,1.3017027002882733
-3.4260261160950956,1.2939420456563993
-3.4280122547078826,1.2861888755939577
-3.4300111311879427,1.2784432061835231
-3.450235624323637,1.177426834863372
-3.452769479139024,1.1701877414097461
-3.455316372886099,1.1629583299392015
-3.45787627109736,1.155738616192725
-3.4604491393208705,1.148528615793871
-3.4630349431206504,1.1413283442489761
-3.471073609574922,1.1055257756268373
-3.473399736531934,1.0992000504060846
-3.4757344511039245,1.0928856812537842
-3.4780777085925267,1.0865826677081807
-3.48042946436646,1.0802910091480185
-3.482789673862069,1.0740107047929055
-3.499500846332198,0.9650135689314238
-3.5018806866862007,0.9587676587134158
-3.504268312307026,0.9525321279593159
-3.5066636836634055,0.9463069708935
-3.5090667613185955,0.940092181600165
-3.511477505930856,0.9338877540238156
-3.502730943692041,0.8543474412471217
-3.5046171956159045,0.8483640488634484
-3.5065078481453504,0.8423896284460031
-3.5084028671330723,0.8364241614970631
-3.510302218560182,0.830467629401346
-3.5122058685365953,0.8245200134265585
-3.51411378330141,0.818581294723947
-3.490881021892345,0.6873830111585288
-3.492455134397986,0.6810606947058191
-3.494033099550906,0.6747437979944109
-3.4956148995362852,0.6684322942240069
-3.497200516716331,0.6621261565375633
-3.491754550605092,0.5607075612413126
-3.493105131624198,0.554465846651032
-3.4944582553620975,0.548228066118602
-3.4958139105003774,0.5419941858672472
-3.497172085927177,0.5357641720879884
-3.4985327707372806,0.5295379909405261
-3.4939093700532653,0.4588061909884651
-3.495066057413072,0.45286497464867376
-3.496223627554478,0.4469270924258906
-3.497382070999075,0.4409925030193879
-3.498541378505728,0.4350611651018422
-3.499701541070646,0.42913303732033625
-3.5018904172519054,0.36089070573241394
-3.5028864961322648,0.3552144779081012
-3.5038820692439603,0.34954107464148754
-3.5048771287062808,0.34387044975482856
-3.5058716668899694,0.338202557048736
-3.506865676417282,0.33253735030321524
-3.511657742897183,0.26366992155183644
-3.51227509428211,0.25817746852362927
-3.5128897068102756,0.2526874885666825
-3.5135015721867813,0.24719993564765455
-3.5141106823249872,0.24171476370768788
-3.514717029346585,0.23623192666315085
-3.5256081676584676,0.13663290567051561
-3.525890239806953,0.13098151842588823
-3.526168392617707,0.12533161192644265
-3.5264426212777056,0.11968314648372408
-3.526712921119907,0.11403608239591516
-3.5312364236768112,-0.03554114254332961
-3.531159101351421,-0.04179589761373654
-3.531077401093785,-0.0480515649834207
-3.530991325793953,-0.05430817703065866
-3.5309008784384335,-0.060565766126519066
-3.5308060621101807,-0.06682436463462986
-3.5252149410335036,-0.22246568396844651
-3.5250589893839015,-0.22940018381699603
-3.5248999108262344,-0.23633862680526352
-3.524737718336386,-0.24328104350172933
-3.5245724249849584,-0.25022746444211796
-3.5244040439372033,-0.2571779201291646
-3.424869292201266,-0.27849261296784106
-3.4228169410262335,-0.28449754616487916
-3.420752295369093,-0.2905028091908467
-3.478016402613692,-0.4616439032756464
-3.4766377066731775,-0.46904069792422215
-3.4752506886677774,-0.4764422517612438
-3.4912599828661928,-0.5139030681940894
-3.4900384132325346,-0.5210797088143804
-3.488809078543776,-0.5282599283313201
-3.503049044386753,-0.550953716274973
-3.5017859531351974,-0.5577186857607898
-3.5005144444283562,-0.5644851385309584
-3.4992345195273686,-0.5712530860125187
-3.5316449546916853,-0.6352059248464959
-3.53063895018875,-0.6421488618568039
-3.5296255807063144,-0.6490935200615765
-3.5286048475439706,-0.6560399071059275
-3.5275767520065355,-0.662988030634169
-3.5786885657130423,-0.7303027906939321
-3.5779418377440466,-0.7367418827462442
-3.577188471491306,-0.7431801136906263
-3.576428466758458,-0.7496174850496236
-3.5756618233493924,-0.7560539983458137
-3.574888541068251,-0.7624896551018068
-3.599883257075195,-0.8392834902153266
-3.5992444691925396,-0.845469159602642
-3.5985996792951767,-0.8516528785118942
-3.6252191634817934,-0.913882060758112
-3.625065636418261,-0.9202095055325693
-3.624908379975132,-0.926535758388114
-3.6012535098292164,-0.9175856924855325
-3.6009078029021104,-0.9232247695636638
-3.600557826642807,-0.928860298273435
-3.600203579518295,-0.9344922806986095
-3.5998450599962597,-0.9401207189234443
-3.5994822665450816,-0.9457456150326893
-3.5971616372465647,-0.9517128571681795
-3.5969400563286107,-0.9564437708871509
-3.596714789118737,-0.9611682999009636
-3.578317393391555,-0.931326571008341
-3.5779342302407082,-0.9352290119667951
-3.577546486134355,-0.9391224623268662
-3.577154151753724,-0.9430069278146724
-3.576757217784712,-0.9468824141635235
-3.576355674917889,-0.9507489271139173
-3.5511968747711697,-0.9193150688084345
-3.550421829999882,-0.9220559920922935
-3.5496562935077893,-0.9247861392868779
-3.548884710967822,-0.9275037033417868
-3.5481070736444065,-0.9302086887350979
-3.5129529976663854,-0.9405106314170537
-3.5117260538505612,-0.9426161108876636
-3.5104921359138026,-0.944707243627338
-3.509251242649069,-0.9467840302255263
-3.508003372849358,-0.9488464712717539
-3.506748525307703,-0.9508945673556225
-3.5054866988171756,-0.9529283190668096
-3.504217892170884,-0.9549477269950689
-3.502942104161974,-0.9569527917302301
-3.5016593335836292,-0.958943513862199
-3.500369579229069,-0.9609198939809575
-3.499072839891552,-0.9628819326765634
-3.497769114364371,-0.9648296305391507
-3.4964584014408597,-0.9667629881589295
-3.4951406999143866,-0.9686820061261859
-3.493816008578358,-0.9705866850312821
-3.4924843262262177,-0.9724770254646561
-3.491145651651447,-0.9743530280168222
-3.4897999836475635,-0.9762146932783706
-3.4884473210081235,-0.9780620218399678
-3.487087662526719,-0.9798950142923559
-3.4857210069969806,-0.9817136712263537
-3.4843473532125753,-0.983517993232855
-3.4829666999672075,-0.9853079809028308
-3.4815790460546197,-0.9870836348273273
-3.480184390268591,-0.9888449555974671
-3.478782731402938,-0.9905919438044487
-3.477374068251514,-0.9923246000395469
-3.475958399608211,-0.9940429248941122
-3.474535724266956,-0.995746918959571
-3.4731060410217167,-0.9974365828274261
-3.471669348666495,-0.9991119170892561
-3.4702256459953316,-1.0007729223367157
-3.4687749318023036,-1.0024195991615354
-3.4673172048815273,-1.0040519481555223
-3.4658524640271544,-1.005669969910559
-3.464380708033375,-1.0072736650186038
-3.4629019356944153,-1.008863034071692
-3.4614161458045407,-1.0104380776619337
-3.4599233371580524,-1.011998796381516
-3.4584235085492905,-1.0135451908227016
-3.456916658772631,-1.015077261577829
-3.4554027866224875,-1.016595009239313
-3.4538818908933115,-1.0180984343996442
-3.452353970379592,-1.0195875376513894
-3.4508190238758547,-1.0210623195871915
-3.449277050176663,-1.0225227807997688
-3.4477280480766184,-1.0239689218819161
-3.4461720163703586,-1.025400743426504
-3.4446089538525593,-1.026818246026479
-3.443038859317933,-1.0282214302748636
-3.4414617315612306,-1.0296102967647567
-3.43987756937724,-1.0309848460893323
-3.4382863715607868,-1.0323450788418416
-3.4366881369067332,-1.0336909956156104
-3.4350828642099795,-1.0350225970040414
-3.4334705522654634,-1.036339883600613
-3.4318511998681593,-1.0376428559988797
-3.43022480581308,-1.0389315147924716
-3.4285913688952756,-1.040205860575095
-3.426950887909833,-1.0414658939405324
-3.4253033616518773,-1.0427116154826417
-3.4236487889165703,-1.043943025795357
-3.4219871684991117,-1.0451601254726886
-3.4203184991947393,-1.0463629151087224
-3.4186427797987267,-1.04755139529762
-3.4169600091063868,-1.0487255666336202
-3.415270185913068,-1.0498854297110363
-3.4135733090141587,-1.0510309851242583
-3.4118693772050825,-1.0521622334677516
-3.410158389281302,-1.0532791753360582
-3.4084403440383158,-1.0543818113237953
-3.4067152402716614,-1.055470142025657
-3.4049830767769134,-1.0565441680364125
-3.403243852349684,-1.0576038899509073
-3.401497565785622,-1.0586493083640627
-3.3997442158804154,-1.059680423870876
-3.397983801429788,-1.06069723706642
-3.3962163212295016,-1.061699748545844
-3.3944417740753563,-1.062687958904373
-3.392660158763189,-1.063661868737308
-3.3908714740888746,-1.0646214786400259
-3.389075718848325,-1.0655667892079792
-3.38727289183749,-1.0664978010366966
-3.3854629918523567,-1.0674145147217828
-3.383646017688951,-1.0683169308589182
-3.381821968143334,-1.0692050500438592
-3.379990842011606,-1.070078872872438
-3.3781526380899045,-1.0709383999405626
-3.3763073551744047,-1.0717836318442173
-3.3744549920613194,-1.0726145691794617
-3.372595547546899,-1.073431212542432
-3.3707290204274307,-1.0742335625293395
-3.3688554094992402,-1.0750216197364724
-3.3669747135586907,-1.0757953847601935
-3.3650869314021823,-1.0765548581969429
-3.3631920618261537,-1.0773000406432354
-3.36129010362708,-1.078030932695662
-3.359381055601476,-1.07874753495089
-3.357464916545891,-1.079449848005662
-3.3555416852569144,-1.0801378724567974
-3.353611360531173,-1.08081160890119
-3.351673941165329,-1.081471057935811
-3.3497294259560855,-1.0821162201577061
-3.3477778137001812,-1.082747096163998
-3.345819103194393,-1.0833636865518845
